channelId,title,country,publishedAt,subscriberCount,viewCount,videoCount
UC668yWSe0M1oYv-NnDqdMUA,DK JOSHI VLOGS,IN,2024-08-22T09:10:34.08712Z,839000,845869474,293
UCLkAepWjdylmXSltofFvsYQ,BANGTANTV,,2012-12-17T03:20:38Z,81900000,26313737567,2953
UCPXLAruFusYx0ZI_WA8T34w,Miss.Hosiyar,IN,2020-09-07T01:50:04.727017Z,6780000,2135001848,610
UCQLq1Z8JSXj7XHay8Drpi8g,Kunali Power shorts .,IN,2024-10-16T03:57:53.808654Z,282000,197960842,768
UCJv08YINp_tv_ZO3Qssus6w,Swati Monga,,2022-01-04T17:21:16.678697Z,3360000,3410297608,2250
UCHDQOZjxuSm0-LgLQtMeCqw,Dimple Malhan Vlogs,,2019-04-09T15:36:06Z,6330000,2051644880,957
UCJ6B6F4eprcBhDDHUBM7IjQ,ToneFrance Vlogs,US,2024-01-11T21:01:36.503623Z,63000,13385322,131
UCUgvCC6iygghq-f2r96P-Jw,Bindass Kavya,IN,2017-11-07T10:15:17Z,15500000,8374398080,1223
UC6Vqh6feP8SyvguJFVk6adA,Kenna Marie,US,2018-01-09T00:21:20Z,829000,62863207,341
UCOpdlJDsxqzq9rxZUyigUWQ,Kaamini Shorts,,2021-05-25T09:46:07.809321Z,5170000,3016958720,976
UCBTDAlFNciEA6_9nJgFfn8Q,Anjali Bisht,IN,2017-01-14T15:03:38Z,385000,568815656,349
UC027uEect8BXPFQEgQHYZiQ,Mohit Chhikara,IN,2013-03-25T12:32:29Z,1680000,411179561,732
UCKaCalz5N5ienIbfPzEbYuA,Jordan Matter,US,2006-12-21T02:47:08Z,33700000,13030050333,556
UC28haopD28ljl7lVEKkw1PA,Sirf Shreyansh,IN,2022-12-06T17:06:10.376486Z,13400000,9773835882,522
UC925y3Dn61A7MBXGZJWNX9A,KrisTells Vlogs,PH,2018-05-08T04:24:04Z,2960000,161900435,203
UC-F3kTU4V680v550AavEOsQ,MollyMae,,2016-02-16T22:20:43Z,2060000,257200514,238
UC90jA5f1LD7sUdI-3WPCurw,8bit Mafia,IN,2013-07-19T15:52:29Z,525000,122787006,2595
UCJcCB-QYPIBcbKcBQOTwhiA,Vj Siddhu Vlogs,IN,2023-06-14T07:41:42.139364Z,5480000,1666043535,483
UCAkZARpw4HQT6JhcpIJXMjQ,Sowbaraniya Ramesh,IN,2016-03-01T17:07:23Z,568000,433513246,894
UC0-K7BZ5u25nH7_91vXsmBA,Aarush Bhola Fit - Mess,IN,2014-03-01T16:12:43Z,2110000,401678267,743
UCOn4HFdJDVDcFn5bZbOfK_g,Zintle Zee Mofokeng,ZA,2024-03-02T13:19:58.237789Z,55800,2479138,43
UCEGkWSHkJg1IAnVBYdnipqA,Madhu Gowda,IN,2022-01-09T11:42:00.003552Z,849000,587660662,729
UC8Pw0ep9ceL0IeL_o-Obb9Q,Riya Royale,US,2018-07-30T00:47:04Z,45700,1320788,37
UCSk29Y1p3fddbtYi5XFN6vg,Sitara Yaseen (Sana),PK,2020-01-25T20:44:14.308121Z,1210000,726346576,1750
UCCeXwLzVKZU7VW8qXis_UOQ,Katie Steckly,CA,2011-09-16T01:23:46Z,367000,36599769,824
UCPFy1ZR3XOvyrvYpIY3nSQw,SSB VlOGS,PK,2016-10-04T11:56:47Z,747000,88833455,327
UC-j7tR3DhEt85EM9HbvxXqA,Zeinab Harake,PH,2017-10-19T16:22:40Z,15200000,1191132339,374
UC2ViPu8EVMP8Eo1Ob7yWEkg,NRFM-VLOGS,IN,2021-02-26T14:12:35.629333Z,12300000,12466959841,2113
UCTqsGUh7K4Rt4W3FfmAfPkA,Gopali,IN,2018-06-30T11:48:25Z,973000,437763631,762
UC8HNVCJ0cwnl8AeLI7aLGeQ,Talab tales,IN,2023-04-06T02:03:55.315991Z,517000,423561236,552
UCNYFkd4KhIA64QGuHx64N0A,Ruchika Rathore,IN,2024-04-08T07:41:43.037178Z,1370000,465302590,158
UCUfgx4qehz4Ddo6wfQm4RQw,Nishimwe Naomie Mäckenzie,US,2019-11-21T12:59:35.086443Z,120000,8093673,46
UCIH0E-zQ3-HzYDChlpafRsQ,Vanillamace,,2024-02-06T03:19:08.524622Z,1470000,80433328,85
UCLCKMDy2LIDv5A0g-7fIX-w,Ajju 0008,IN,2012-08-06T19:39:26Z,883000,312983986,1299
UC9rMiEjNaCSsebs31MRDCRA,Stray Kids,,2017-05-12T03:28:10Z,22500000,10007916266,1936
UC3xwfuSDWRzuaKCgFTdFAsQ,ShreeMan LegenD,IN,2011-04-18T08:00:07Z,763000,94608041,692
UCH9aPskONv7sraQfL-UDxNQ,Swara Singh,,2020-09-09T13:37:41.00175Z,9710000,5708756020,864
UC0Ivl90_ODMVvFuuSyFcVwg,Ashnoor Kaur,IN,2018-05-11T15:16:53Z,657000,127148742,179
UCPMXALoUefW6fMd0J818TqQ,Mommy Haidee Vlogs,PH,2018-11-01T14:35:14Z,724000,71721610,581
UC9N7LoUG8eYNWDTAzUWWQ5A,nataliejion,,2022-10-15T19:36:43.66074Z,9530,270972,25
UC08VZNOIQjGzk1Ws1dyGMqQ,Zulqarnain Sikandar,PK,2017-05-07T14:41:07Z,3200000,969050950,1388
UC89rPuzRVHTnMHbZrCRYMng,Rohit Zinjurke,IN,2020-06-30T13:30:58.084533Z,3890000,217296706,158
UCRmadOsp6p1CI-Fyui6zD_w,Raza Boys,IN,2018-04-20T13:51:11Z,354000,174002635,706
UC8aO651JFOPyLi_E5UOlXkA,Aparna Chaithanya,,2020-06-14T07:45:02.919372Z,282000,144913141,167
UC39p6707suIKTZiw0BTGapw,Viy Cortez,PH,2016-04-07T03:35:23Z,7080000,1027734468,619
UC5mXgvIkuVIo03ZWFd5ms-g,ALBADI...!,,2019-06-13T18:23:46Z,10000,4133335,212
UCWABpVNM7ysT4KGXiUpShRw,Chotanawab,,2021-01-28T14:45:19.459312Z,34600000,17494686224,3064
UC4RxsyGKtcq13KNxgqmTl8w,Badal Ka Safar,,2023-11-19T07:20:13.57287Z,448000,291160764,170
UC-V9Mloh_jF5xoSLKF46sVQ,Asvi Vlogs,IN,2014-11-06T05:17:43Z,302000,181916479,849
UCBe3AJEV4vXAH5xs7eVyTTA,Jessica Vu,US,2015-12-28T23:20:17Z,2120000,120716976,175
UC_1WNIFh8Waz18v7iVlZYNg,This Is Raj,IN,2017-06-19T06:02:44Z,234000,44509512,639
UCrl1RINfU2YNAev6M0kBXbQ,Gulrez Khan,,2025-05-23T18:09:14.627036Z,121000,8947476,46
UCv5KsGwkGEpNe55ElbXqRUw,Dimpu's Vlogs,IN,2018-01-23T01:57:55Z,3340000,706849111,1022
UCz9F9eEkt2KcLXZt--M6vjA,Breanna Quan,CA,2017-06-04T20:15:17Z,1290000,113446731,304
UCYf_FgfZn_Qr7qO3R-K1G9g,Lallu Ke vlog,IN,2024-06-05T14:13:20.789606Z,897000,311932425,231
UC_MMI4dT3uRJZ1p1i0vEZtg,Bhavani vlogs ,IN,2021-12-25T06:54:18.623953Z,1610000,1252760939,1027
UCm5etnYLYFRiGud35RCRAuQ,Via Li,,2018-08-25T19:17:00Z,923000,70794065,490
UCoqZ6SchnGs_2MU-SKjZUJQ,HardikSoni Art & Vlogs,IN,2020-10-20T07:53:03.368379Z,3680000,1137345160,768
UCm0_8a5AVvUOrd-sKmikEMg,Vlogsofsona,,2022-06-19T17:41:47.578258Z,905000,758604763,979
UCsopuR4Uw3TSA1VPY0MyAfQ,Claudia Sulewski,,2009-11-02T00:52:29Z,2440000,153850416,324
UCbOWx-D1d0-CiP9wc-cH93Q,Sistrology,PK,2016-01-31T13:17:56Z,5900000,2628372559,1369
UCj9CywGjtcdW_rCa1uWJiGQ,Kanishka Sharma,IN,2020-05-13T12:18:04.128899Z,307000,277487671,760
UCum5kIr4aqgn9Dc21JdYCWA,Malik Vlogs,IN,2020-03-08T03:30:56.568898Z,8560000,2852874375,1892
UCiKNX0TIMyKgGqQznhR1Xig,LOL (Life of Limbachiyaa’s),IN,2021-12-07T12:46:32.924349Z,8730000,4975174203,2091
UChxsQifCB4LdBY0kk_uyhcQ,Boujee Space,,2022-01-21T20:12:30.405254Z,201000,7382046,28
UCpUwbjIX8UcNUb_5Zk_GyUQ,Hum do hamare chaar Vlogs,IN,2021-08-19T06:23:03.24346Z,324000,106191476,378
UC_cecSRU92J2m-BrgbEyfSQ,The Roamer Amit,IN,2022-10-25T02:26:55.902096Z,5680000,4639539990,801
UCZy6DH9FkMmXwqxrWj8cJWg,Saba Ibrahim,,2017-01-02T08:41:57Z,3780000,1926535812,870
UCWhkEFN9UXdV2zFFZvP7O0A,Mihlali N,ZA,2016-02-16T07:43:03Z,467000,39256121,230
UCjtAoAMaGYC6pjzBCLUmoKw,Secret Vlogs . 832k views 3 hours ago,PK,2018-11-26T08:41:38Z,96500,11325098,314
UCXlKdBP5Q6GNcgamvgQ59ZQ,JATIN GROVER,IN,2020-08-20T05:35:21.657949Z,2390000,1341461257,535
UCWb4JB00ayXlzZuO-vvY8Gg,Kathia Mäckenzie . k,KE,2024-01-23T03:47:44.618864Z,63600,7861834,56
UCy-sh7wLqQCumQZpuiPGhJA,Rehan Qureshi ,IN,2023-02-16T10:27:23.429266Z,158000,65105286,499
UCdxGeyoDKUngoeoMVuZvsBQ,Boipelo Seremane,,2024-08-16T06:22:55.441859Z,29500,1418655,50
UCdqn7pevRdz57Yo8RA95C1w,Small Laude,PH,2013-02-05T10:01:16Z,2460000,389026710,383
UCzqHL7AWr1k3cQwgUQIfJuQ,Shikhukiduniya,IN,2024-03-16T13:40:21.031692Z,4730000,2250463607,235
UCbQA1_hVfECrrYk0wyLE7Jg,Vinay Thakur,IN,2016-06-24T10:52:14Z,1370000,709281254,607
UCypeLkg3Ne5-LIyiB41b1GQ,Ivana Alawi,PH,2018-06-01T03:52:47Z,20200000,1872066848,254
UCXB3eeknVj5qfMq45ySz-pg,Mini Sourav Joshi Vlogs,IN,2024-02-22T18:24:46.867925Z,71500,26447731,137
UC_c-RTowPbIlzMkIa_O7s6Q,Ducky Bhai,US,2017-02-03T19:33:26Z,9820000,2226776434,844
UChZ0JmGgyOWSU-1iXxPhsVA,Sambhavna Seth Entertainment,IN,2014-07-26T20:05:55Z,3760000,2765507373,2608
UC_t6-oNbYJ4DWfp7BRYrHIw,more to mihika ,IN,2023-01-17T11:40:52.173445Z,363000,127658639,269
UCypR-QQRotNTaFmqb8CptKA,Ali Hamza Baloch,PK,2021-08-20T16:10:33.850503Z,238000,92525259,626
UCkWPoej4eJdqRaHwCjThavw,Sunny Bhavsar,IN,2020-07-14T18:26:47.733576Z,412000,136558373,1279
UCgAq9LRKx0NUSZ0ZtB3DWIg,Loveneet Valecha,IN,2021-08-24T05:50:23.613725Z,3650000,5126005095,130
UCdA8bjC9SVCUcb854u7RejA,Edit ex 0.9,,2025-04-26T17:57:18.295399Z,138000,187663701,99
UCfPL_q6AOLp0o8sP7t6FbXA,Rabeeca Khan,PK,2013-05-21T20:45:50Z,3110000,1396735162,3673
UCkJ9Iy3S-jDp6BGeaMkLz7g,Anju Mor Vlogs,IN,2021-07-12T10:54:04.357918Z,9220000,6424111289,934
UCjvgGbPPn-FgYeguc5nxG4A,Sourav Joshi Vlogs,IN,2019-02-19T07:06:46Z,38300000,20112965055,2253
UCsbFefxpne9aYgoQ7baNnRg,Priya and Sid,AU,2021-05-27T09:35:26.082535Z,8220000,4659922330,745
UCaxmHcgx2yIqxecCYegPk7w,swathi gowda YT,IN,2017-03-12T16:15:24Z,1190000,2049254151,1919
UCs_GlIJsBJYnbmeNW8hkiwA,kunali power shorts,IN,2024-10-23T16:59:40.614621Z,1280000,2075321528,722
UCjZm4zGh9jz8dvQUbc2gB3A,Danica O.,PH,2011-06-19T10:45:29Z,826000,42552004,211
UC_niYoJcVwf5IVQZ6pJqgrg,Rajab’s Family,AE,2023-03-11T14:07:48.223593Z,8320000,2895527731,1034
UCdQgkA195GHjNr3b0eW5aHg,Little Anushka Vlogs,IN,2025-01-04T07:28:29.919949Z,728000,385902664,154
UCeKVxnLsOF6bKRJPBauXe3g,RS 1313 VLOGS,IN,2020-09-28T21:33:44.148481Z,1290000,386185777,799
UCcmQxZBJ2qTXWpOQCAODyNA,Dheeraj ke Vlogs,IN,2022-08-10T03:15:00.454373Z,13800000,8078043165,455
UCr6BZsRqjJ5vqWEO9ap-eKQ,Whispering Ray,IN,2025-06-12T15:10:54.491977Z,9240,10610372,165
UCcvua9n346aMytaevCNCU0A,NRFM-VOICE,IN,2023-07-04T16:32:33.576854Z,3100000,1269396019,378
UCksaWGRPwbX6NG6pORgnBfQ,Eisha Singh,,2025-01-23T13:17:12.87082Z,62100,1937159,23
